<metadata xml:lang="es"><Esri><CreaDate>20150922</CreaDate><CreaTime>08250000</CreaTime><ArcGISFormat>1.0</ArcGISFormat><ArcGISstyle>FGDC CSDGM Metadata</ArcGISstyle><SyncOnce>FALSE</SyncOnce><DataProperties><lineage><Process ToolSource="c:\program files (x86)\arcgis\desktop10.1\ArcToolbox\Toolboxes\Data Management Tools.tbx\TruncateTable" Date="20160331" Time="111012">TruncateTable "D:\Contenedor PINZON\Trabajo\2016\01 MR\MR_V.03.16\04 Base de Datos\MR_0316.gdb\Area_Planeamiento\AUrb"</Process><Process ToolSource="c:\program files (x86)\arcgis\desktop10.1\ArcToolbox\Toolboxes\Data Management Tools.tbx\TruncateTable" Date="20160722" Time="113812">TruncateTable "D:\Contenedor PINZON\Trabajo\2016\01 MR\MR_V.06.16\06 base de datos\MR_0616.gdb\Area_Planeamiento\AUrb"</Process><Process ToolSource="c:\program files (x86)\arcgis\desktop10.1\ArcToolbox\Toolboxes\Data Management Tools.tbx\TruncateTable" Date="20161019" Time="151712">TruncateTable "D:\Contenedor PINZON\Trabajo\2016\01 MR\MR_V.09.16\06Datos\MR_0916.gdb\Area_Planeamiento\AUrb"</Process><Process ToolSource="c:\arcgis\desktop10.4\ArcToolbox\Toolboxes\Data Management Tools.tbx\TruncateTable" Date="20170328" Time="080628">TruncateTable D:\Contenedor\Users\mbernate\Desktop\MR\MR_0317.gdb\Area_Planeamiento\AUrb</Process><Process ToolSource="c:\arcgis\desktop10.4\ArcToolbox\Toolboxes\Data Management Tools.tbx\Append" Date="20170328" Time="080704">Append D:\Contenedor\Users\mbernate\Desktop\MR\SDP\Entidad_Territorial_y_Unidad_Administrativa_mgn.gdb\AREA_PLANEAMIENTO\Area_urbanistica AUrb NO_TEST "AUrCodigo "Identificador unico del area urbanistica" true true false 10 Text 0 0 ,First,#,D:\Contenedor\Users\mbernate\Desktop\MR\SDP\Entidad_Territorial_y_Unidad_Administrativa_mgn.gdb\AREA_PLANEAMIENTO\Area_urbanistica,AUrCodigo,-1,-1;AUrAAdmini "Acto administrativo del area urbanistica" true true false 50 Text 0 0 ,First,#;AUrTPlano "Tipo de plano" true true false 4 Long 0 0 ,First,#,D:\Contenedor\Users\mbernate\Desktop\MR\SDP\Entidad_Territorial_y_Unidad_Administrativa_mgn.gdb\AREA_PLANEAMIENTO\Area_urbanistica,AUrTPlano,-1,-1;AUrCPlano "Codigo del plano" true true false 20 Text 0 0 ,First,#,D:\Contenedor\Users\mbernate\Desktop\MR\SDP\Entidad_Territorial_y_Unidad_Administrativa_mgn.gdb\AREA_PLANEAMIENTO\Area_urbanistica,AUrCPlano,-1,-1;AUrArea "Superficie del area urbanistica" true true false 8 Double 0 0 ,First,#,D:\Contenedor\Users\mbernate\Desktop\MR\SDP\Entidad_Territorial_y_Unidad_Administrativa_mgn.gdb\AREA_PLANEAMIENTO\Area_urbanistica,AUrArea,-1,-1;AUrNombre "Nombre del area urbanistica" true true false 120 Text 0 0 ,First,#,D:\Contenedor\Users\mbernate\Desktop\MR\SDP\Entidad_Territorial_y_Unidad_Administrativa_mgn.gdb\AREA_PLANEAMIENTO\Area_urbanistica,AUrNombre,-1,-1;SHAPE_Length "SHAPE_Length" false true true 8 Double 0 0 ,First,#,D:\Contenedor\Users\mbernate\Desktop\MR\SDP\Entidad_Territorial_y_Unidad_Administrativa_mgn.gdb\AREA_PLANEAMIENTO\Area_urbanistica,SHAPE_Length,-1,-1;SHAPE_Area "SHAPE_Area" false true true 8 Double 0 0 ,First,#,D:\Contenedor\Users\mbernate\Desktop\MR\SDP\Entidad_Territorial_y_Unidad_Administrativa_mgn.gdb\AREA_PLANEAMIENTO\Area_urbanistica,SHAPE_Area,-1,-1" #</Process><Process ToolSource="c:\arcgis\desktop10.4\ArcToolbox\Toolboxes\Data Management Tools.tbx\TruncateTable" Date="20170328" Time="080915">TruncateTable D:\Contenedor\Users\mbernate\Desktop\MR\MR_0317.gdb\Area_Planeamiento\AUrb</Process><Process ToolSource="c:\arcgis\desktop10.4\ArcToolbox\Toolboxes\Data Management Tools.tbx\Append" Date="20170328" Time="081417">Append D:\Contenedor\Users\mbernate\Desktop\MR\SDP\Entidad_Territorial_y_Unidad_Administrativa_mgn.gdb\AREA_PLANEAMIENTO\Area_urbanistica AUrb NO_TEST "AUrCodigo "Identificador unico del area urbanistica" true true false 10 Text 0 0 ,First,#,D:\Contenedor\Users\mbernate\Desktop\MR\SDP\Entidad_Territorial_y_Unidad_Administrativa_mgn.gdb\AREA_PLANEAMIENTO\Area_urbanistica,AUrCodigo,-1,-1;AUrAAdmini "Acto administrativo del area urbanistica" true true false 50 Text 0 0 ,First,#,D:\Contenedor\Users\mbernate\Desktop\MR\SDP\Entidad_Territorial_y_Unidad_Administrativa_mgn.gdb\AREA_PLANEAMIENTO\Area_urbanistica,AUrAAmini,-1,-1;AUrTPlano "Tipo de plano" true true false 4 Long 0 0 ,First,#,D:\Contenedor\Users\mbernate\Desktop\MR\SDP\Entidad_Territorial_y_Unidad_Administrativa_mgn.gdb\AREA_PLANEAMIENTO\Area_urbanistica,AUrTPlano,-1,-1;AUrCPlano "Codigo del plano" true true false 20 Text 0 0 ,First,#,D:\Contenedor\Users\mbernate\Desktop\MR\SDP\Entidad_Territorial_y_Unidad_Administrativa_mgn.gdb\AREA_PLANEAMIENTO\Area_urbanistica,AUrCPlano,-1,-1;AUrArea "Superficie del area urbanistica" true true false 8 Double 0 0 ,First,#,D:\Contenedor\Users\mbernate\Desktop\MR\SDP\Entidad_Territorial_y_Unidad_Administrativa_mgn.gdb\AREA_PLANEAMIENTO\Area_urbanistica,AUrArea,-1,-1;AUrNombre "Nombre del area urbanistica" true true false 120 Text 0 0 ,First,#,D:\Contenedor\Users\mbernate\Desktop\MR\SDP\Entidad_Territorial_y_Unidad_Administrativa_mgn.gdb\AREA_PLANEAMIENTO\Area_urbanistica,AUrNombre,-1,-1;SHAPE_Length "SHAPE_Length" false true true 8 Double 0 0 ,First,#,D:\Contenedor\Users\mbernate\Desktop\MR\SDP\Entidad_Territorial_y_Unidad_Administrativa_mgn.gdb\AREA_PLANEAMIENTO\Area_urbanistica,SHAPE_Length,-1,-1;SHAPE_Area "SHAPE_Area" false true true 8 Double 0 0 ,First,#,D:\Contenedor\Users\mbernate\Desktop\MR\SDP\Entidad_Territorial_y_Unidad_Administrativa_mgn.gdb\AREA_PLANEAMIENTO\Area_urbanistica,SHAPE_Area,-1,-1" #</Process><Process ToolSource="c:\arcgis\desktop10.4\ArcToolbox\Toolboxes\Data Management Tools.tbx\TruncateTable" Date="20170328" Time="084135">TruncateTable D:\Contenedor\Users\mbernate\Desktop\MR\MR_0317.gdb\Area_Planeamiento\AUrb</Process><Process ToolSource="c:\arcgis\desktop10.4\ArcToolbox\Toolboxes\Data Management Tools.tbx\Append" Date="20170328" Time="084200">Append D:\Contenedor\Users\mbernate\Desktop\MR\SDP\Entidad_Territorial_y_Unidad_Administrativa_mgn.gdb\AREA_PLANEAMIENTO\Area_urbanistica AUrb NO_TEST "AUrCodigo "Identificador unico del area urbanistica" true true false 10 Text 0 0 ,First,#,D:\Contenedor\Users\mbernate\Desktop\MR\SDP\Entidad_Territorial_y_Unidad_Administrativa_mgn.gdb\AREA_PLANEAMIENTO\Area_urbanistica,AUrCodigo,-1,-1;AUrAAdmini "Acto administrativo del area urbanistica" true true false 50 Text 0 0 ,First,#,D:\Contenedor\Users\mbernate\Desktop\MR\SDP\Entidad_Territorial_y_Unidad_Administrativa_mgn.gdb\AREA_PLANEAMIENTO\Area_urbanistica,AUrAAmini,-1,-1;AUrTPlano "Tipo de plano" true true false 4 Long 0 0 ,First,#,D:\Contenedor\Users\mbernate\Desktop\MR\SDP\Entidad_Territorial_y_Unidad_Administrativa_mgn.gdb\AREA_PLANEAMIENTO\Area_urbanistica,AUrTPlano,-1,-1;AUrCPlano "Codigo del plano" true true false 20 Text 0 0 ,First,#,D:\Contenedor\Users\mbernate\Desktop\MR\SDP\Entidad_Territorial_y_Unidad_Administrativa_mgn.gdb\AREA_PLANEAMIENTO\Area_urbanistica,AUrCPlano,-1,-1;AUrArea "Superficie del area urbanistica" true true false 8 Double 0 0 ,First,#,D:\Contenedor\Users\mbernate\Desktop\MR\SDP\Entidad_Territorial_y_Unidad_Administrativa_mgn.gdb\AREA_PLANEAMIENTO\Area_urbanistica,AUrArea,-1,-1;AUrNombre "Nombre del area urbanistica" true true false 120 Text 0 0 ,First,#,D:\Contenedor\Users\mbernate\Desktop\MR\SDP\Entidad_Territorial_y_Unidad_Administrativa_mgn.gdb\AREA_PLANEAMIENTO\Area_urbanistica,AUrNombre,-1,-1;SHAPE_Length "SHAPE_Length" false true true 8 Double 0 0 ,First,#,D:\Contenedor\Users\mbernate\Desktop\MR\SDP\Entidad_Territorial_y_Unidad_Administrativa_mgn.gdb\AREA_PLANEAMIENTO\Area_urbanistica,SHAPE_Length,-1,-1;SHAPE_Area "SHAPE_Area" false true true 8 Double 0 0 ,First,#,D:\Contenedor\Users\mbernate\Desktop\MR\SDP\Entidad_Territorial_y_Unidad_Administrativa_mgn.gdb\AREA_PLANEAMIENTO\Area_urbanistica,SHAPE_Area,-1,-1" #</Process><Process ToolSource="c:\arcgis\desktop10.4\ArcToolbox\Toolboxes\Data Management Tools.tbx\TruncateTable" Date="20170403" Time="153907">TruncateTable "D:\MaríaBernate2013\2017\Mapa de Referencia\MR_0317\Migración\MR_0317.gdb\Area_Planeamiento\AUrb"</Process><Process ToolSource="c:\arcgis\desktop10.4\ArcToolbox\Toolboxes\Data Management Tools.tbx\Append" Date="20170403" Time="154038">Append 'D:\MaríaBernate2013\2017\Mapa de Referencia\MR_0317\Entidades\SDP\Entidad_Territorial_y_Unidad_Administrativa_mgn.gdb\AREA_PLANEAMIENTO\Area_urbanistica' AUrb NO_TEST "AUrCodigo "Identificador unico del area urbanistica" true true false 10 Text 0 0 ,First,#,D:\MaríaBernate2013\2017\Mapa de Referencia\MR_0317\Entidades\SDP\Entidad_Territorial_y_Unidad_Administrativa_mgn.gdb\AREA_PLANEAMIENTO\Area_urbanistica,AUrCodigo,-1,-1;AUrAAdmini "Acto administrativo del area urbanistica" true true false 50 Text 0 0 ,First,#,D:\MaríaBernate2013\2017\Mapa de Referencia\MR_0317\Entidades\SDP\Entidad_Territorial_y_Unidad_Administrativa_mgn.gdb\AREA_PLANEAMIENTO\Area_urbanistica,AUrAAmini,-1,-1;AUrTPlano "Tipo de plano" true true false 4 Long 0 0 ,First,#,D:\MaríaBernate2013\2017\Mapa de Referencia\MR_0317\Entidades\SDP\Entidad_Territorial_y_Unidad_Administrativa_mgn.gdb\AREA_PLANEAMIENTO\Area_urbanistica,AUrTPlano,-1,-1;AUrCPlano "Codigo del plano" true true false 20 Text 0 0 ,First,#,D:\MaríaBernate2013\2017\Mapa de Referencia\MR_0317\Entidades\SDP\Entidad_Territorial_y_Unidad_Administrativa_mgn.gdb\AREA_PLANEAMIENTO\Area_urbanistica,AUrCPlano,-1,-1;AUrArea "Superficie del area urbanistica" true true false 8 Double 0 0 ,First,#,D:\MaríaBernate2013\2017\Mapa de Referencia\MR_0317\Entidades\SDP\Entidad_Territorial_y_Unidad_Administrativa_mgn.gdb\AREA_PLANEAMIENTO\Area_urbanistica,AUrArea,-1,-1;AUrNombre "Nombre del area urbanistica" true true false 120 Text 0 0 ,First,#,D:\MaríaBernate2013\2017\Mapa de Referencia\MR_0317\Entidades\SDP\Entidad_Territorial_y_Unidad_Administrativa_mgn.gdb\AREA_PLANEAMIENTO\Area_urbanistica,AUrNombre,-1,-1;SHAPE_Length "SHAPE_Length" false true true 8 Double 0 0 ,First,#,D:\MaríaBernate2013\2017\Mapa de Referencia\MR_0317\Entidades\SDP\Entidad_Territorial_y_Unidad_Administrativa_mgn.gdb\AREA_PLANEAMIENTO\Area_urbanistica,SHAPE_Length,-1,-1;SHAPE_Area "SHAPE_Area" false true true 8 Double 0 0 ,First,#,D:\MaríaBernate2013\2017\Mapa de Referencia\MR_0317\Entidades\SDP\Entidad_Territorial_y_Unidad_Administrativa_mgn.gdb\AREA_PLANEAMIENTO\Area_urbanistica,SHAPE_Area,-1,-1" #</Process><Process ToolSource="c:\program files (x86)\arcgis\desktop10.1\ArcToolbox\Toolboxes\Data Management Tools.tbx\CalculateField" Date="20190402" Time="090548">CalculateField "Área urbanística" AUrNombre Null VB #</Process><Process ToolSource="c:\program files (x86)\arcgis\desktop10.1\ArcToolbox\Toolboxes\Data Management Tools.tbx\CalculateField" Date="20190402" Time="090634">CalculateField "Área urbanística" AUrNombre Null VB #</Process><Process ToolSource="c:\program files (x86)\arcgis\desktop10.7\ArcToolbox\Toolboxes\Data Management Tools.tbx\CalculateField" Date="20190617" Time="145507">CalculateField "Área urbanística" AUrAAdmini Null VB #</Process><Process ToolSource="c:\program files (x86)\arcgis\desktop10.7\ArcToolbox\Toolboxes\Data Management Tools.tbx\CalculateField" Date="20190617" Time="145727">CalculateField "Área urbanística" AUrNombre null VB #</Process><Process ToolSource="c:\program files (x86)\arcgis\desktop10.7\ArcToolbox\Toolboxes\Data Management Tools.tbx\CalculateField" Date="20190618" Time="075410">CalculateField "Área urbanística" AUrAAdmini "Dato No Hallado    " VB #</Process><Process ToolSource="c:\program files (x86)\arcgis\desktop10.7\ArcToolbox\Toolboxes\Data Management Tools.tbx\CalculateField" Date="20190618" Time="075720">CalculateField "Área urbanística" AUrTPlano 1 VB #</Process><Process ToolSource="c:\program files (x86)\arcgis\desktop10.8\ArcToolbox\Toolboxes\Data Management Tools.tbx\CalculateField" Date="20230120" Time="163335">CalculateField "Área urbanística" AUrTPlano 1 VB #</Process><Process ToolSource="c:\program files (x86)\arcgis\desktop10.8\ArcToolbox\Toolboxes\Data Management Tools.tbx\CalculateField" Date="20230410" Time="160312">CalculateField "Área urbanística" AUrTPlano 1 VB #</Process><Process ToolSource="c:\program files\arcgis\pro\Resources\ArcToolbox\toolboxes\Data Management Tools.tbx\UpdateSchema" Date="20230726" Time="095004">UpdateSchema "CIMDATA=&lt;CIMFeatureDatasetDataConnection xsi:type='typens:CIMFeatureDatasetDataConnection' xmlns:xsi='http://www.w3.org/2001/XMLSchema-instance' xmlns:xs='http://www.w3.org/2001/XMLSchema' xmlns:typens='http://www.esri.com/schemas/ArcGIS/3.1.0'&gt;&lt;FeatureDataset&gt;Area_Planeamiento&lt;/FeatureDataset&gt;&lt;WorkspaceConnectionString&gt;DATABASE=R:\DATOS\4_TEMPO_TAREAS\IDECA\ENTREGAS_INFO_PARA_IDECA\2023_07_26\MR_20230726_GEO.gdb&lt;/WorkspaceConnectionString&gt;&lt;WorkspaceFactory&gt;FileGDB&lt;/WorkspaceFactory&gt;&lt;Dataset&gt;AUrb&lt;/Dataset&gt;&lt;DatasetType&gt;esriDTFeatureClass&lt;/DatasetType&gt;&lt;/CIMFeatureDatasetDataConnection&gt;" &lt;operationSequence&gt;&lt;workflow&gt;&lt;AlterField&gt;&lt;field_name&gt;AUrAAdmini&lt;/field_name&gt;&lt;field_type&gt;TEXT&lt;/field_type&gt;&lt;field_length&gt;100&lt;/field_length&gt;&lt;field_is_nullable&gt;True&lt;/field_is_nullable&gt;&lt;clear_field_alias&gt;False&lt;/clear_field_alias&gt;&lt;/AlterField&gt;&lt;/workflow&gt;&lt;workflow&gt;&lt;AlterField&gt;&lt;field_name&gt;AUrNombre&lt;/field_name&gt;&lt;field_type&gt;TEXT&lt;/field_type&gt;&lt;field_length&gt;255&lt;/field_length&gt;&lt;field_is_nullable&gt;True&lt;/field_is_nullable&gt;&lt;clear_field_alias&gt;False&lt;/clear_field_alias&gt;&lt;/AlterField&gt;&lt;/workflow&gt;&lt;/operationSequence&gt;</Process><Process ToolSource="c:\program files\arcgis\pro\Resources\ArcToolbox\toolboxes\Data Management Tools.tbx\Append" Date="20230726" Time="095243">Append C:\Tempo\___borrar\planos.gdb\Basicas\Predio_urbanistico R:\DATOS\4_TEMPO_TAREAS\IDECA\ENTREGAS_INFO_PARA_IDECA\2023_07_26\MR_20230726_GEO.gdb\Area_Planeamiento\AUrb "Use the field map to reconcile field differences" "AUrCodigo "Identificador único del área urbanística" true true false 10 Text 0 0,First,#,C:\Tempo\___borrar\planos.gdb\Basicas\Predio_urbanistico,AUrCodigo,0,10;AUrAAdmini "Acto administrativo del área urbanística" true true false 100 Text 0 0,First,#,C:\Tempo\___borrar\planos.gdb\Basicas\Predio_urbanistico,ACTO_ADMIN1,0,50;AUrTPlano "Tipo de plano" true true false 4 Long 0 0,First,#,C:\Tempo\___borrar\planos.gdb\Basicas\Predio_urbanistico,AUrTPlano,-1,-1;AUrCPlano "Código del plano" true true false 20 Text 0 0,First,#,C:\Tempo\___borrar\planos.gdb\Basicas\Predio_urbanistico,AUrCPlano,0,20;AUrArea "Superficie del área urbanística" true true false 8 Double 0 0,First,#,C:\Tempo\___borrar\planos.gdb\Basicas\Predio_urbanistico,AUrArea,-1,-1;AUrNombre "Nombre del área urbanística" true true false 255 Text 0 0,First,#,C:\Tempo\___borrar\planos.gdb\Basicas\Predio_urbanistico,NOMBRE1,0,120" # # # NOT_UPDATE_GEOMETRY</Process><Process ToolSource="c:\program files\arcgis\pro\Resources\ArcToolbox\toolboxes\Data Management Tools.tbx\Append" Date="20230726" Time="100519">Append C:\Tempo\___borrar\planos.gdb\urba_geo R:\DATOS\4_TEMPO_TAREAS\IDECA\ENTREGAS_INFO_PARA_IDECA\2023_07_26\MR_20230726_GEO.gdb\Area_Planeamiento\AUrb "Use the field map to reconcile field differences" "AUrCodigo "Identificador único del área urbanística" true true false 10 Text 0 0,First,#,C:\Tempo\___borrar\planos.gdb\urba_geo,AUrCodigo,0,10;AUrAAdmini "Acto administrativo del área urbanística" true true false 100 Text 0 0,First,#,C:\Tempo\___borrar\planos.gdb\urba_geo,ACTO_ADMIN1,0,50;AUrTPlano "Tipo de plano" true true false 4 Long 0 0,First,#,C:\Tempo\___borrar\planos.gdb\urba_geo,AUrTPlano,-1,-1;AUrCPlano "Código del plano" true true false 20 Text 0 0,First,#,C:\Tempo\___borrar\planos.gdb\urba_geo,AUrCPlano,0,20;AUrArea "Superficie del área urbanística" true true false 8 Double 0 0,First,#,C:\Tempo\___borrar\planos.gdb\urba_geo,AUrArea,-1,-1;AUrNombre "Nombre del área urbanística" true true false 255 Text 0 0,First,#,C:\Tempo\___borrar\planos.gdb\urba_geo,NOMBRE1,0,120" # # # NOT_UPDATE_GEOMETRY</Process><Process ToolSource="c:\program files\arcgis\pro\Resources\ArcToolbox\toolboxes\Data Management Tools.tbx\Append" Date="20231026" Time="104040">Append C:\Tempo\___borrar\_borrar2\_Borrar3\URBANISTICO_GEO.gdb\PREDIO_URBANISTICO_GEO1 R:\DATOS\4_TEMPO_TAREAS\IDECA\ENTREGAS_INFO_PARA_IDECA\2023_10_26\MR_20231026_GEO.gdb\Area_Planeamiento\AUrb "Use the field map to reconcile field differences" "AUrCodigo "Identificador único del área urbanística" true true false 10 Text 0 0,First,#,C:\Tempo\___borrar\_borrar2\_Borrar3\URBANISTICO_GEO.gdb\PREDIO_URBANISTICO_GEO1,AUrCodigo,0,9;AUrAAdmini "Acto administrativo del área urbanística" true true false 100 Text 0 0,First,#,C:\Tempo\___borrar\_borrar2\_Borrar3\URBANISTICO_GEO.gdb\PREDIO_URBANISTICO_GEO1,AUrAAdmini,0,99;AUrTPlano "Tipo de plano" true true false 4 Long 0 0,First,#,C:\Tempo\___borrar\_borrar2\_Borrar3\URBANISTICO_GEO.gdb\PREDIO_URBANISTICO_GEO1,AUrTPlano,-1,-1;AUrCPlano "Código del plano" true true false 20 Text 0 0,First,#,C:\Tempo\___borrar\_borrar2\_Borrar3\URBANISTICO_GEO.gdb\PREDIO_URBANISTICO_GEO1,AUrCPlano,0,19;AUrArea "Superficie del área urbanística" true true false 8 Double 0 0,First,#,C:\Tempo\___borrar\_borrar2\_Borrar3\URBANISTICO_GEO.gdb\PREDIO_URBANISTICO_GEO1,AUrArea,-1,-1;AUrNombre "Nombre del área urbanística" true true false 255 Text 0 0,First,#,C:\Tempo\___borrar\_borrar2\_Borrar3\URBANISTICO_GEO.gdb\PREDIO_URBANISTICO_GEO1,AUrNombre,0,254" # # # NOT_UPDATE_GEOMETRY</Process><Process ToolSource="c:\program files\arcgis\pro\Resources\ArcToolbox\toolboxes\Data Management Tools.tbx\Append" Date="20240201" Time="073212">Append C:\Tempo\urbanismo\ADMPLA_20240131.gdb\URBANISTICO_GEO R:\DATOS\4_TEMPO_TAREAS\IDECA\ENTREGAS_INFO_PARA_IDECA\2023_12\MR_202312.gdb\Area_Planeamiento\AUrb "Use the field map to reconcile field differences" "AUrCodigo "Identificador único del área urbanística" true true false 10 Text 0 0,First,#,C:\Tempo\urbanismo\ADMPLA_20240131.gdb\URBANISTICO_GEO,AUrCodigo,0,9;AUrAAdmini "Acto administrativo del área urbanística" true true false 100 Text 0 0,First,#,C:\Tempo\urbanismo\ADMPLA_20240131.gdb\URBANISTICO_GEO,AUrAAdmini,0,99;AUrTPlano "Tipo de plano" true true false 4 Long 0 0,First,#,C:\Tempo\urbanismo\ADMPLA_20240131.gdb\URBANISTICO_GEO,AUrTPlano,-1,-1;AUrCPlano "Código del plano" true true false 20 Text 0 0,First,#,C:\Tempo\urbanismo\ADMPLA_20240131.gdb\URBANISTICO_GEO,AUrCPlano,0,19;AUrArea "Superficie del área urbanística" true true false 8 Double 0 0,First,#,C:\Tempo\urbanismo\ADMPLA_20240131.gdb\URBANISTICO_GEO,AUrArea,-1,-1;AUrNombre "Nombre del área urbanística" true true false 255 Text 0 0,First,#,C:\Tempo\urbanismo\ADMPLA_20240131.gdb\URBANISTICO_GEO,AUrNombre,0,254" # # # NOT_UPDATE_GEOMETRY</Process><Process ToolSource="c:\program files\arcgis\pro\Resources\ArcToolbox\toolboxes\Data Management Tools.tbx\Append" Date="20240411" Time="080834">Append C:\Tempo\___borrar\URBANISMO_IDECA\PREDIO_URBANISTICO.gdb\URBANISTICO_GEO R:\DATOS\4_TEMPO_TAREAS\IDECA\ENTREGAS_INFO_PARA_IDECA\2024_03\MR_202403.gdb\Area_Planeamiento\AUrb "Use the field map to reconcile field differences" "AUrCodigo "Identificador único del área urbanística" true true false 10 Text 0 0,First,#,C:\Tempo\___borrar\URBANISMO_IDECA\PREDIO_URBANISTICO.gdb\URBANISTICO_GEO,AUrCodigo,0,9;AUrAAdmini "Acto administrativo del área urbanística" true true false 100 Text 0 0,First,#,C:\Tempo\___borrar\URBANISMO_IDECA\PREDIO_URBANISTICO.gdb\URBANISTICO_GEO,AUrAAdmini,0,99;AUrTPlano "Tipo de plano" true true false 4 Long 0 0,First,#,C:\Tempo\___borrar\URBANISMO_IDECA\PREDIO_URBANISTICO.gdb\URBANISTICO_GEO,AUrTPlano,-1,-1;AUrCPlano "Código del plano" true true false 20 Text 0 0,First,#,C:\Tempo\___borrar\URBANISMO_IDECA\PREDIO_URBANISTICO.gdb\URBANISTICO_GEO,AUrCPlano,0,19;AUrArea "Superficie del área urbanística" true true false 8 Double 0 0,First,#,C:\Tempo\___borrar\URBANISMO_IDECA\PREDIO_URBANISTICO.gdb\URBANISTICO_GEO,AUrArea,-1,-1;AUrNombre "Nombre del área urbanística" true true false 255 Text 0 0,First,#,C:\Tempo\___borrar\URBANISMO_IDECA\PREDIO_URBANISTICO.gdb\URBANISTICO_GEO,AUrNombre,0,254" # # # NOT_UPDATE_GEOMETRY</Process><Process ToolSource="c:\program files\arcgis\pro\Resources\ArcToolbox\toolboxes\Data Management Tools.tbx\Append" Date="20240716" Time="111042">Append C:\Tempo\URBAN2.gdb\URBAN_GEO R:\DATOS\4_TEMPO_TAREAS\IDECA\ENTREGAS_INFO_PARA_IDECA\2024_06\MR_202406.gdb\Area_Planeamiento\AUrb "Use the field map to reconcile field differences" "AUrCodigo "Identificador único del área urbanística" true true false 10 Text 0 0,First,#,C:\Tempo\URBAN2.gdb\URBAN_GEO,AUrCodigo,0,9;AUrAAdmini "Acto administrativo del área urbanística" true true false 100 Text 0 0,First,#,C:\Tempo\URBAN2.gdb\URBAN_GEO,AUrAAdmini,0,99;AUrTPlano "Tipo de plano" true true false 4 Long 0 0,First,#,C:\Tempo\URBAN2.gdb\URBAN_GEO,AUrTPlano,-1,-1;AUrCPlano "Código del plano" true true false 20 Text 0 0,First,#,C:\Tempo\URBAN2.gdb\URBAN_GEO,AUrCPlano,0,19;AUrArea "Superficie del área urbanística" true true false 8 Double 0 0,First,#,C:\Tempo\URBAN2.gdb\URBAN_GEO,AUrArea,-1,-1;AUrNombre "Nombre del área urbanística" true true false 255 Text 0 0,First,#,C:\Tempo\URBAN2.gdb\URBAN_GEO,AUrNombre,0,254" # # # NOT_UPDATE_GEOMETRY</Process><Process ToolSource="c:\program files\arcgis\pro\Resources\ArcToolbox\toolboxes\Data Management Tools.tbx\Append" Date="20241015" Time="082252">Append R:\DATOS\0_URGENTE_TAREAS_VARIAS\MATRIZ_BDG\URBANISMO\ADMPLA_20241015.gdb\Predio_Urbanistico_GEO R:\DATOS\4_TEMPO_TAREAS\IDECA\ENTREGAS_INFO_PARA_IDECA\2024_09\MR_202409.gdb\Area_Planeamiento\AUrb "Use the field map to reconcile field differences" "AUrCodigo "Identificador único del área urbanística" true true false 10 Text 0 0,First,#,R:\DATOS\0_URGENTE_TAREAS_VARIAS\MATRIZ_BDG\URBANISMO\ADMPLA_20241015.gdb\Predio_Urbanistico_GEO,AUrCodigo,0,9;AUrAAdmini "Acto administrativo del área urbanística" true true false 100 Text 0 0,First,#,R:\DATOS\0_URGENTE_TAREAS_VARIAS\MATRIZ_BDG\URBANISMO\ADMPLA_20241015.gdb\Predio_Urbanistico_GEO,AUrAAdmini,0,99;AUrTPlano "Tipo de plano" true true false 4 Long 0 0,First,#,R:\DATOS\0_URGENTE_TAREAS_VARIAS\MATRIZ_BDG\URBANISMO\ADMPLA_20241015.gdb\Predio_Urbanistico_GEO,AUrTPlano,-1,-1;AUrCPlano "Código del plano" true true false 20 Text 0 0,First,#,R:\DATOS\0_URGENTE_TAREAS_VARIAS\MATRIZ_BDG\URBANISMO\ADMPLA_20241015.gdb\Predio_Urbanistico_GEO,AUrCPlano,0,19;AUrArea "Superficie del área urbanística" true true false 8 Double 0 0,First,#,R:\DATOS\0_URGENTE_TAREAS_VARIAS\MATRIZ_BDG\URBANISMO\ADMPLA_20241015.gdb\Predio_Urbanistico_GEO,AUrArea,-1,-1;AUrNombre "Nombre del área urbanística" true true false 255 Text 0 0,First,#,R:\DATOS\0_URGENTE_TAREAS_VARIAS\MATRIZ_BDG\URBANISMO\ADMPLA_20241015.gdb\Predio_Urbanistico_GEO,AUrNombre,0,254" # # # NOT_UPDATE_GEOMETRY</Process><Process ToolSource="c:\program files\arcgis\pro\Resources\ArcToolbox\toolboxes\Data Management Tools.tbx\Append" Date="20241015" Time="112256">Append R:\DATOS\0_URGENTE_TAREAS_VARIAS\MATRIZ_BDG\URBANISMO\ADMPLA_20241015.gdb\Predio_Urbanistico_GEO_2 R:\DATOS\4_TEMPO_TAREAS\IDECA\ENTREGAS_INFO_PARA_IDECA\2024_09\MR_202409.gdb\Area_Planeamiento\AUrb "Use the field map to reconcile field differences" "AUrCodigo "Identificador único del área urbanística" true true false 10 Text 0 0,First,#,R:\DATOS\0_URGENTE_TAREAS_VARIAS\MATRIZ_BDG\URBANISMO\ADMPLA_20241015.gdb\Predio_Urbanistico_GEO_2,AUrCodigo,0,9;AUrAAdmini "Acto administrativo del área urbanística" true true false 100 Text 0 0,First,#,R:\DATOS\0_URGENTE_TAREAS_VARIAS\MATRIZ_BDG\URBANISMO\ADMPLA_20241015.gdb\Predio_Urbanistico_GEO_2,AUrAAdmini,0,99;AUrTPlano "Tipo de plano" true true false 4 Long 0 0,First,#,R:\DATOS\0_URGENTE_TAREAS_VARIAS\MATRIZ_BDG\URBANISMO\ADMPLA_20241015.gdb\Predio_Urbanistico_GEO_2,AUrTPlano,-1,-1;AUrCPlano "Código del plano" true true false 20 Text 0 0,First,#,R:\DATOS\0_URGENTE_TAREAS_VARIAS\MATRIZ_BDG\URBANISMO\ADMPLA_20241015.gdb\Predio_Urbanistico_GEO_2,AUrCPlano,0,19;AUrArea "Superficie del área urbanística" true true false 8 Double 0 0,First,#,R:\DATOS\0_URGENTE_TAREAS_VARIAS\MATRIZ_BDG\URBANISMO\ADMPLA_20241015.gdb\Predio_Urbanistico_GEO_2,AUrArea,-1,-1;AUrNombre "Nombre del área urbanística" true true false 255 Text 0 0,First,#,R:\DATOS\0_URGENTE_TAREAS_VARIAS\MATRIZ_BDG\URBANISMO\ADMPLA_20241015.gdb\Predio_Urbanistico_GEO_2,AUrNombre,0,254" # # # NOT_UPDATE_GEOMETRY</Process><Process ToolSource="c:\program files\arcgis\pro\Resources\ArcToolbox\toolboxes\Conversion Tools.tbx\ExportFeatures" Date="20241015" Time="113102">ExportFeatures R:\DATOS\4_TEMPO_TAREAS\IDECA\ENTREGAS_INFO_PARA_IDECA\2024_09\MR_202409.gdb\Area_Planeamiento\AUrb "R:\DATOS\4_TEMPO_TAREAS\IDECA\ENTREGAS_INFO_PARA_IDECA\2024_09\SDP_202409\FormatoSHP (1)\AUrb.shp" # NOT_USE_ALIAS "AUrCodigo "Identificador único del área urbanística" true true false 10 Text 0 0,First,#,R:\DATOS\4_TEMPO_TAREAS\IDECA\ENTREGAS_INFO_PARA_IDECA\2024_09\MR_202409.gdb\Area_Planeamiento\AUrb,AUrCodigo,0,9;AUrAAdmini "Acto administrativo del área urbanística" true true false 100 Text 0 0,First,#,R:\DATOS\4_TEMPO_TAREAS\IDECA\ENTREGAS_INFO_PARA_IDECA\2024_09\MR_202409.gdb\Area_Planeamiento\AUrb,AUrAAdmini,0,99;AUrTPlano "Tipo de plano" true true false 4 Long 0 0,First,#,R:\DATOS\4_TEMPO_TAREAS\IDECA\ENTREGAS_INFO_PARA_IDECA\2024_09\MR_202409.gdb\Area_Planeamiento\AUrb,AUrTPlano,-1,-1;AUrCPlano "Código del plano" true true false 20 Text 0 0,First,#,R:\DATOS\4_TEMPO_TAREAS\IDECA\ENTREGAS_INFO_PARA_IDECA\2024_09\MR_202409.gdb\Area_Planeamiento\AUrb,AUrCPlano,0,19;AUrArea "Superficie del área urbanística" true true false 8 Double 0 0,First,#,R:\DATOS\4_TEMPO_TAREAS\IDECA\ENTREGAS_INFO_PARA_IDECA\2024_09\MR_202409.gdb\Area_Planeamiento\AUrb,AUrArea,-1,-1;AUrNombre "Nombre del área urbanística" true true false 255 Text 0 0,First,#,R:\DATOS\4_TEMPO_TAREAS\IDECA\ENTREGAS_INFO_PARA_IDECA\2024_09\MR_202409.gdb\Area_Planeamiento\AUrb,AUrNombre,0,254;SHAPE_Length "SHAPE_Length" false true true 8 Double 0 0,First,#,R:\DATOS\4_TEMPO_TAREAS\IDECA\ENTREGAS_INFO_PARA_IDECA\2024_09\MR_202409.gdb\Area_Planeamiento\AUrb,SHAPE_Length,-1,-1;SHAPE_Area "SHAPE_Area" false true true 8 Double 0 0,First,#,R:\DATOS\4_TEMPO_TAREAS\IDECA\ENTREGAS_INFO_PARA_IDECA\2024_09\MR_202409.gdb\Area_Planeamiento\AUrb,SHAPE_Area,-1,-1" #</Process></lineage><itemProps><itemName Sync="TRUE">AUrb</itemName><imsContentType Sync="TRUE">002</imsContentType><itemSize Sync="TRUE">0.000</itemSize><itemLocation><linkage Sync="TRUE">file://\\1061SDP20\R\DATOS\4_TEMPO_TAREAS\IDECA\ENTREGAS_INFO_PARA_IDECA\2024_09\SDP_202409\FormatoSHP (1)\AUrb.shp</linkage><protocol Sync="TRUE">Local Area Network</protocol></itemLocation></itemProps><coordRef><type Sync="TRUE">Geographic</type><geogcsn Sync="TRUE">GCS_MAGNA</geogcsn><csUnits Sync="TRUE">Angular Unit: Degree (0.017453)</csUnits><peXml Sync="TRUE">&lt;GeographicCoordinateSystem xsi:type='typens:GeographicCoordinateSystem' xmlns:xsi='http://www.w3.org/2001/XMLSchema-instance' xmlns:xs='http://www.w3.org/2001/XMLSchema' xmlns:typens='http://www.esri.com/schemas/ArcGIS/3.2.0'&gt;&lt;WKT&gt;GEOGCS[&amp;quot;GCS_MAGNA&amp;quot;,DATUM[&amp;quot;D_MAGNA&amp;quot;,SPHEROID[&amp;quot;GRS_1980&amp;quot;,6378137.0,298.257222101]],PRIMEM[&amp;quot;Greenwich&amp;quot;,0.0],UNIT[&amp;quot;Degree&amp;quot;,0.0174532925199433],AUTHORITY[&amp;quot;EPSG&amp;quot;,4686]]&lt;/WKT&gt;&lt;XOrigin&gt;-400&lt;/XOrigin&gt;&lt;YOrigin&gt;-400&lt;/YOrigin&gt;&lt;XYScale&gt;11258999068426.238&lt;/XYScale&gt;&lt;ZOrigin&gt;-100000&lt;/ZOrigin&gt;&lt;ZScale&gt;10000&lt;/ZScale&gt;&lt;MOrigin&gt;-100000&lt;/MOrigin&gt;&lt;MScale&gt;10000&lt;/MScale&gt;&lt;XYTolerance&gt;8.983152841195215e-09&lt;/XYTolerance&gt;&lt;ZTolerance&gt;0.001&lt;/ZTolerance&gt;&lt;MTolerance&gt;0.001&lt;/MTolerance&gt;&lt;HighPrecision&gt;true&lt;/HighPrecision&gt;&lt;LeftLongitude&gt;-180&lt;/LeftLongitude&gt;&lt;WKID&gt;4686&lt;/WKID&gt;&lt;LatestWKID&gt;4686&lt;/LatestWKID&gt;&lt;/GeographicCoordinateSystem&gt;</peXml></coordRef></DataProperties><SyncDate>20241015</SyncDate><SyncTime>11310000</SyncTime><ModDate>20241015</ModDate><ModTime>11310000</ModTime></Esri><dataIdInfo><envirDesc Sync="TRUE">Microsoft Windows 10 Version 10.0 (Build 19045) ; Esri ArcGIS 13.2.0.49743</envirDesc><dataLang><languageCode value="spa" Sync="TRUE"></languageCode><countryCode value="COL" Sync="TRUE"></countryCode></dataLang><idCitation><resTitle Sync="TRUE">AUrb</resTitle><presForm><PresFormCd value="005" Sync="TRUE"></PresFormCd></presForm></idCitation><spatRpType><SpatRepTypCd value="001" Sync="TRUE"></SpatRepTypCd></spatRpType></dataIdInfo><mdLang><languageCode value="spa" Sync="TRUE"></languageCode><countryCode value="COL" Sync="TRUE"></countryCode></mdLang><distInfo><distFormat><formatName Sync="TRUE">Shapefile</formatName></distFormat><distTranOps><transSize Sync="TRUE">0.000</transSize></distTranOps></distInfo><mdHrLv><ScopeCd value="005" Sync="TRUE"></ScopeCd></mdHrLv><mdHrLvName Sync="TRUE">dataset</mdHrLvName><refSysInfo><RefSystem><refSysID><identCode code="4686" Sync="TRUE"></identCode><idCodeSpace Sync="TRUE">EPSG</idCodeSpace><idVersion Sync="TRUE">6.14(9.2.0)</idVersion></refSysID></RefSystem></refSysInfo><spatRepInfo><VectSpatRep><geometObjs Name="AUrb"><geoObjTyp><GeoObjTypCd value="002" Sync="TRUE"></GeoObjTypCd></geoObjTyp><geoObjCnt Sync="TRUE">0</geoObjCnt></geometObjs><topLvl><TopoLevCd value="001" Sync="TRUE"></TopoLevCd></topLvl></VectSpatRep></spatRepInfo><spdoinfo><ptvctinf><esriterm Name="AUrb"><efeatyp Sync="TRUE">Simple</efeatyp><efeageom code="4" Sync="TRUE"></efeageom><esritopo Sync="TRUE">FALSE</esritopo><efeacnt Sync="TRUE">0</efeacnt><spindex Sync="TRUE">FALSE</spindex><linrefer Sync="TRUE">FALSE</linrefer></esriterm></ptvctinf></spdoinfo><eainfo><detailed Name="AUrb"><enttyp><enttypl Sync="TRUE">AUrb</enttypl><enttypt Sync="TRUE">Feature Class</enttypt><enttypc Sync="TRUE">0</enttypc></enttyp><attr><attrlabl Sync="TRUE">FID</attrlabl><attalias Sync="TRUE">FID</attalias><attrtype Sync="TRUE">OID</attrtype><attwidth Sync="TRUE">4</attwidth><atprecis Sync="TRUE">0</atprecis><attscale Sync="TRUE">0</attscale><attrdef Sync="TRUE">Internal feature number.</attrdef><attrdefs Sync="TRUE">Esri</attrdefs><attrdomv><udom Sync="TRUE">Sequential unique whole numbers that are automatically generated.</udom></attrdomv></attr><attr><attrlabl Sync="TRUE">Shape</attrlabl><attalias Sync="TRUE">Shape</attalias><attrtype Sync="TRUE">Geometry</attrtype><attwidth Sync="TRUE">0</attwidth><atprecis Sync="TRUE">0</atprecis><attscale Sync="TRUE">0</attscale><attrdef Sync="TRUE">Feature geometry.</attrdef><attrdefs Sync="TRUE">Esri</attrdefs><attrdomv><udom Sync="TRUE">Coordinates defining the features.</udom></attrdomv></attr><attr><attrlabl Sync="TRUE">AUrCodigo</attrlabl><attalias Sync="TRUE">AUrCodigo</attalias><attrtype Sync="TRUE">String</attrtype><attwidth Sync="TRUE">10</attwidth><atprecis Sync="TRUE">0</atprecis><attscale Sync="TRUE">0</attscale></attr><attr><attrlabl Sync="TRUE">AUrAAdmini</attrlabl><attalias Sync="TRUE">AUrAAdmini</attalias><attrtype Sync="TRUE">String</attrtype><attwidth Sync="TRUE">100</attwidth><atprecis Sync="TRUE">0</atprecis><attscale Sync="TRUE">0</attscale></attr><attr><attrlabl Sync="TRUE">AUrTPlano</attrlabl><attalias Sync="TRUE">AUrTPlano</attalias><attrtype Sync="TRUE">Integer</attrtype><attwidth Sync="TRUE">10</attwidth><atprecis Sync="TRUE">10</atprecis><attscale Sync="TRUE">0</attscale></attr><attr><attrlabl Sync="TRUE">AUrCPlano</attrlabl><attalias Sync="TRUE">AUrCPlano</attalias><attrtype Sync="TRUE">String</attrtype><attwidth Sync="TRUE">20</attwidth><atprecis Sync="TRUE">0</atprecis><attscale Sync="TRUE">0</attscale></attr><attr><attrlabl Sync="TRUE">AUrArea</attrlabl><attalias Sync="TRUE">AUrArea</attalias><attrtype Sync="TRUE">Double</attrtype><attwidth Sync="TRUE">19</attwidth><atprecis Sync="TRUE">0</atprecis><attscale Sync="TRUE">0</attscale></attr><attr><attrlabl Sync="TRUE">AUrNombre</attrlabl><attalias Sync="TRUE">AUrNombre</attalias><attrtype Sync="TRUE">String</attrtype><attwidth Sync="TRUE">254</attwidth><atprecis Sync="TRUE">0</atprecis><attscale Sync="TRUE">0</attscale></attr><attr><attrlabl Sync="TRUE">SHAPE_Leng</attrlabl><attalias Sync="TRUE">SHAPE_Leng</attalias><attrtype Sync="TRUE">Double</attrtype><attwidth Sync="TRUE">19</attwidth><atprecis Sync="TRUE">0</atprecis><attscale Sync="TRUE">0</attscale></attr><attr><attrlabl Sync="TRUE">SHAPE_Area</attrlabl><attalias Sync="TRUE">SHAPE_Area</attalias><attrtype Sync="TRUE">Double</attrtype><attwidth Sync="TRUE">19</attwidth><atprecis Sync="TRUE">0</atprecis><attscale Sync="TRUE">0</attscale><attrdef Sync="TRUE">Area of feature in internal units squared.</attrdef><attrdefs Sync="TRUE">Esri</attrdefs><attrdomv><udom Sync="TRUE">Positive real numbers that are automatically generated.</udom></attrdomv></attr></detailed></eainfo><mdDateSt Sync="TRUE">20241015</mdDateSt></metadata>
